Name	Count
Total count: 	3139
52.0000000000001	1644
104	 391
12	 325
156	 227
1	 180
312.000000000001	 149
2	 116
4	  42
365	  19
6	  18
3	   7
0.5	   5
8	   5
96	   2
0.2	   1
0.75	   1
1.5	   1
<<<<<<< HEAD
8.00000000000001	   1
18	   1
36	   1
36.5	   1
260	   1
730	   1
=======
18	   1
260	   1
36	   1
36.5	   1
730	   1
8.00000000000001	   1
>>>>>>> bf0e73d2769b04e43b7343f3b82f9f0f0dd8a7e3
