doc.dimension,mean.pages.issue,median.pages.issue,n.issue
1to,NA,NA,10
2long,NA,NA,1
2fo,187.365419501134,4,263
4to,124.298145849249,20.0833333333333,162
8vo,52.1091206873752,1.34848484848485,398
12long,18,18,4
12mo,81.4276497695853,70,94
18mo,NA,NA,8
24mo,NA,NA,2
32mo,NA,NA,1
NA,1.88888888888889,1.88888888888889,118
