doc.dimension,mean.pages.issue,median.pages.issue,n.issue
1to,NA,NA,10
2long,NA,NA,1
2fo,231.26755952381,48.4285714285714,262
4to,212.867647058824,109,160
8vo,268.681101190476,249,395
12long,NA,NA,4
12mo,157,157,97
18mo,NA,NA,8
24mo,NA,NA,2
32mo,NA,NA,1
NA,NA,NA,118
