doc.dimension,mean.pages.singlevol,median.pages.singlevol,n.singlevol
2fo,312.111111111111,132,95654
4long,NA,NA,24
4to,239.357142857143,108,101053
8long,NA,NA,40
8vo,175.860465116279,5,161186
12long,226,226,265
12mo,545.125,552.5,64182
16long,NA,NA,1
16mo,NA,NA,2350
18mo,NA,NA,1762
24long,NA,NA,84
24mo,NA,NA,1818
32mo,NA,NA,748
48mo,NA,NA,21
64mo,NA,NA,123
NA,NA,NA,17206
