doc.dimension,mean.pages.singlevol,median.pages.singlevol,n.singlevol
2fo,396.857142857143,270,14056
4long,NA,NA,3
4to,369.444444444444,366,41205
8long,NA,NA,32
8vo,396.157894736842,385,116895
12long,226,226,141
12mo,622.285714285714,604,50822
16long,NA,NA,1
16mo,NA,NA,1765
18mo,NA,NA,1661
24long,NA,NA,76
24mo,NA,NA,1326
32mo,NA,NA,684
48mo,NA,NA,18
64mo,NA,NA,105
NA,NA,NA,3550
