doc.dimension,mean.pages.multivol,median.pages.multivol,n.multivol
2fo,477.06779047619,462,1059
8long,NA,NA,1
8vo,306.74250062004,326,6869
12long,138,138,5
12mo,178.595530726257,143,6739
16mo,268.666666666667,291,45
18mo,170.642857142857,216,247
24mo,181.333333333333,111.5,56
32mo,NA,NA,7
48mo,NA,NA,2
64mo,146.333333333333,146,6
NA,NA,NA,200
