doc.dimension,mean.pages.multivol,median.pages.multivol,n.multivol
2fo,150.103044363044,2,1049
8long,3,3,1
8vo,66.9964213406451,2,6846
12long,58,24,5
12mo,43.0055480234052,1.33333333333333,6725
16mo,37.969696969697,2,45
18mo,16.8334133653461,1.33333333333333,246
24mo,24.5586611456177,1,55
32mo,2,2,7
48mo,NA,NA,2
64mo,147.333333333333,147,6
NA,20.6948717948718,1.33333333333333,200
