doc.dimension,mean.pages.multivol,median.pages.multivol,n.multivol
2fo,526.771541279234,495,1059
8long,NA,NA,1
8vo,309.430349368595,326,6869
12long,62,24,5
12mo,191.906142322097,158,6739
16mo,268.666666666667,291,45
18mo,185.516666666667,200,247
24mo,181.333333333333,111.5,56
32mo,NA,NA,7
48mo,NA,NA,2
64mo,146.333333333333,146,6
NA,52.14,8.6,200
