doc.dimension,mean.pages.issue,median.pages.issue,n.issue
1to,NA,NA,10
2long,NA,NA,1
2fo,56.3813212608987,2,263
4to,57.7242124429624,1.63333333333333,162
8vo,26.6229545660702,1.04597701149425,398
12long,18,18,4
12mo,36.2848209873197,1.33333333333333,94
18mo,0.790010193679918,0.333333333333333,8
24mo,NA,NA,2
32mo,NA,NA,1
NA,1.59259259259259,1.02777777777778,118
