doc.dimension,mean.pages.issue,median.pages.issue,n.issue
1to,NA,NA,10
2long,NA,NA,1
2fo,325.886706349206,150,262
4to,192.900793650794,113,160
8vo,256.013585434174,248,395
12long,24,24,4
12mo,127.023041474654,153,97
18mo,NA,NA,8
24mo,NA,NA,2
32mo,NA,NA,1
NA,2.75,2.75,118
